{"SVC": {"0.2": [[0.299795, 0.001535, 0.5333333333333333, 0.5316455696202531], [0.315308, 0.001003, 0.6161518661518661, 0.6329113924050633], [0.306316, 0.001502, 0.576379974326059, 0.5822784810126582], [0.298325, 0.00151, 0.6524390243902439, 0.6582278481012658], [0.267716, 0.0015, 0.6041666666666667, 0.6075949367088608], [0.248662, 0.001001, 0.5, 0.5063291139240507], [0.335365, 0.001504, 0.6065468549422337, 0.6075949367088608], [0.300801, 0.001504, 0.5607235142118863, 0.5316455696202531], [0.376001, 0.001503, 0.558974358974359, 0.5569620253164557], [0.186998, 0.001001, 0.5, 0.4177215189873418]], "0.4": [[0.41457, 0.002508, 0.6189102564102564, 0.620253164556962], [0.385023, 0.001506, 0.6127260981912145, 0.620253164556962], [0.37597, 0.001504, 0.5, 0.4936708860759494], [0.39204, 0.002005, 0.5843023255813954, 0.569620253164557], [0.373994, 0.001002, 0.5, 0.46835443037974683], [0.365504, 0.001503, 0.5, 0.4430379746835443], [0.405578, 0.001504, 0.6498716302952503, 0.6455696202531646], [0.381013, 0.001504, 0.4980744544287548, 0.4810126582278481], [0.379009, 0.002004, 0.569551282051282, 0.569620253164557], [0.403573, 0.001504, 0.5152925531914894, 0.5063291139240507]], "0.6": [[0.454744, 0.001473, 0.4836601307189542, 0.4936708860759494], [0.449724, 0.001975, 0.5533596837944664, 0.569620253164557], [0.426634, 0.001503, 0.5795892169448009, 0.569620253164557], [0.441705, 0.001506, 0.4647932816537467, 0.4936708860759494], [0.445655, 0.001504, 0.5931818181818183, 0.569620253164557], [0.439167, 0.001505, 0.6164736164736165, 0.6075949367088608], [0.438165, 0.001504, 0.5830065359477125, 0.5822784810126582], [0.4256, 0.001504, 0.4467320261437908, 0.45569620253164556], [0.454176, 0.001505, 0.54812661498708, 0.569620253164557], [0.469748, 0.001504, 0.6003989361702128, 0.6075949367088608]]}, "RandomForest": {"0.2": [[0.323894, 0.001505, 0.6086538461538461, 0.6075949367088608], [0.326867, 0.002508, 0.533974358974359, 0.5316455696202531], [0.318851, 0.002002, 0.5846153846153846, 0.5822784810126582], [0.32737, 0.001503, 0.5759330759330759, 0.569620253164557], [0.325363, 0.002005, 0.5682692307692309, 0.569620253164557], [0.328872, 0.001504, 0.6160130718954249, 0.6075949367088608], [0.353942, 0.002005, 0.4932692307692308, 0.4936708860759494], [0.365442, 0.001504, 0.5942307692307692, 0.5949367088607594], [0.327841, 0.002508, 0.5545865633074936, 0.5569620253164557], [0.346953, 0.001974, 0.626797385620915, 0.6075949367088608]], "0.4": [[0.341407, 0.002005, 0.5830128205128206, 0.5822784810126582], [0.355416, 0.002504, 0.6096153846153846, 0.6075949367088608], [0.339371, 0.001504, 0.6435897435897436, 0.6455696202531646], [0.340872, 0.002507, 0.5783055198973042, 0.5822784810126582], [0.341879, 0.001504, 0.6553273427471116, 0.6582278481012658], [0.351937, 0.002004, 0.4547803617571059, 0.45569620253164556], [0.370011, 0.00248, 0.5646718146718147, 0.569620253164557], [0.348896, 0.002004, 0.7677648578811369, 0.759493670886076], [0.346388, 0.002003, 0.5850449293966624, 0.5822784810126582], [0.350415, 0.001504, 0.5266233766233765, 0.5443037974683544]], "0.6": [[0.370953, 0.001504, 0.5866883116883117, 0.5949367088607594], [0.362994, 0.002006, 0.6119894598155468, 0.6329113924050633], [0.360457, 0.002005, 0.5776636713735559, 0.569620253164557], [0.382487, 0.001505, 0.5227564102564102, 0.5189873417721519], [0.353939, 0.002005, 0.5571705426356589, 0.569620253164557], [0.351901, 0.001504, 0.621943371943372, 0.620253164556962], [0.356983, 0.001503, 0.608974358974359, 0.6075949367088608], [0.350432, 0.001532, 0.6385620915032679, 0.6455696202531646], [0.355946, 0.002006, 0.6294466403162056, 0.6582278481012658], [0.35698, 0.002005, 0.5378690629011553, 0.5443037974683544]]}}